parent_asin,asin,title,store,main_category,average_rating,rating_number,price,categories,features,description,source_dataset,source_path
B003D853WQ,,"Aunt Gussie's Sugar Free Spelt Chocolate Chip Almond Biscotti, 8 Ounce (Pack of 4)",Aunt Gussie's,Grocery,4.2,306,,"[""Grocery & Gourmet Food"", ""Breads & Bakery"", ""Cookies"", ""Biscotti""]","[""The package length of the product is 6 inches"", ""The package width of the product is 5 inches"", ""The package height of the product is 4 inches"", ""The package weight of the product is 2.5 pounds"", ""Deliciously crisp & crunchy, made with organic spelt flour, almonds, and sugar free chocolate chips. Sweetened with maltitol.""]","[""Delicious, Sugar Free cookies made with all natural ingredients.""]",McAuley-Lab/Amazon-Reviews-2023,raw/meta_categories/meta_Grocery_and_Gourmet_Food.jsonl
B004QM0XLO,,"Aloha Island Coffee, GOLD King Reserve Kona Hawaiian Coffee Blend, Medium Roast, 8 Oz Ground, 8-ounces",Aloha Island Coffee,Grocery,4.0,329,17.01,"[""Grocery & Gourmet Food"", ""Beverages"", ""Coffee"", ""Ground Coffee""]","[""Our trademarked Kona Smooth GOLD Medium Roast Coffee has been judged by noted Chefs as having \""An exceptionally smooth finish\"""", ""Kona Smooth GOLD Medium Roast is full of flavor and well-balanced, with all the smooth texture of Kona."", ""Our Kings Reserve GOLD Medium Roast Coffee is a superb blend of our Pure Hawaiian Coffee with our hand selected private estate Sumatra coffee."", ""Kings Reserve GOLD Medium Roast is an ideal coffee for any time of day!"", ""Already ground for your convenience, our Kona Smooth Kings Reserve GOLD ESPRESSO brews the finest cup of medium roast coffee!""]","[""Kings Reserve Gold is an outstanding Kona Blend that combines the best qualities of Kona Coffee with Hawaiian and Tropical Arabica Coffee""]",McAuley-Lab/Amazon-Reviews-2023,raw/meta_categories/meta_Grocery_and_Gourmet_Food.jsonl
B004ZYDB5I,,"Nespresso Capsules OriginalLine, Capriccio, Medium Roast Espresso Coffee, 50 Count Coffee Pods, Brews 1.35oz (ORIGINAL LINE ONLY)",Nespresso,Grocery,4.8,903,40.05,"[""Grocery & Gourmet Food"", ""Beverages"", ""Coffee"", ""Single-Serve Capsules & Pods""]","[""RICH & DISTINCTIVE: This Nespresso coffee blends Arabicas from South America, giving this blend a light acidity, which is balanced with the perfect amount of Brazilian Arabica and a touch of Robusta"", ""INTENSITY 5: This Nespresso espresso blend with a typical cereal note balanced with light acidity all in easy to use Nespresso Capsules"", ""CAPRICCIO ESPRESSO BREWS 1.35 OZ COFFEE: These Nespresso OriginalLine pods are part of the Espresso range that will provide you with a 1.35 oz serving of a traditional espresso coffee beverage"", ""WE RECYCLE: Nespresso aluminum capsules are fully recyclable and guarantee coffee freshness - we provide different options for recycling your used aluminum coffee pods to fulfill our collective commitment to protecting the environment"", ""ORIGINALLINE ONLY: Nespresso Original Line offers a full range of espresso coffee. From a milder fruity espresso to the short Ristretto. Create recipes with /without milk. (Nespresso OriginalLine capsules are not compatible with VertuoLine machines)""]","[""Capriccio is an Espresso with a balanced bouquet, a light acidity and a very characteristic cereal note. It is composed of Arabicas from South America including Brazil, in ideal proportions, and a touch of lightly roasted Robusta.""]",McAuley-Lab/Amazon-Reviews-2023,raw/meta_categories/meta_Grocery_and_Gourmet_Food.jsonl
B00B8NQR46,,Coffee Fool's Creamy Chestnuts (French Press),The Coffee Fool,Grocery,3.9,52,11.67,"[""Grocery & Gourmet Food"", ""Beverages"", ""Coffee"", ""Whole Coffee Beans"", ""Roasted Coffee Beans""]","[""Roasted lighter to bring out the natural flavors of the bean"", ""100 Percent Pure High Grade Arabica Beans"", ""Naturally and Artificially Flavored"", ""Roasted in the USA"", ""Bags made in the USA""]","[""Like roasted chestnuts on an open fire, dunked in sweet cream and rum. You'll feel like your walking through the lamp-lit, snowy streets of London.""]",McAuley-Lab/Amazon-Reviews-2023,raw/meta_categories/meta_Grocery_and_Gourmet_Food.jsonl
B00UFMK45O,,"Cafe Tastle Gold Freeze Dried Instant Coffee, 10.7 Ounce",Cafe Tastle,Grocery,4.4,158,,"[""Grocery & Gourmet Food"", ""Beverages"", ""Coffee"", ""Instant Coffee""]","[""Freeze Dried"", ""This provides a much finer higher quality instant that dissolves much more efficiently"", ""Makes 162 cups"", ""Enjoy the amazing smooth taste of tastle coffee that you will never forget"", ""Tasted the rest now taste the best""]","[""With a premium blend of finely roasted beans, from the finest crops available, Tastle Coffee brings you the sumptuous taste of freshly brewed coffee without the hassle of traditional coffee machines. Our company strives to ensure the best quality roast, to maintain a superior tasting and satisfying cup of coffee every time. With a superior grade of Arabica beans, the raw green coffee is roasted to perfection to bring out the exquisite flavor and aroma. The coffee is then ground perfectly and brewed through a series of many sterilized percolators. Once roasted and ground, the coffee is brewed to specific quantities at 180 Degrees C with natural pure spring water. Tastle Gold contains Arabica coffee beans and uses a 'Freeze Drying' preservation process. This provides a much finer higher quality instant that dissolves much more efficiently, delivering the great taste that Tastle promises with every product.""]",McAuley-Lab/Amazon-Reviews-2023,raw/meta_categories/meta_Grocery_and_Gourmet_Food.jsonl
B00UL22LQI,,"Coffee Mate Coffee Creamer Liquid Singles, French Vanilla, 24 Count (Pack of 4)",Coffee-mate,Grocery,4.6,5147,15.76,"[""Grocery & Gourmet Food"", ""Dairy, Eggs & Plant-Based Alternatives"", ""Plant-Based Coffee Creamers""]","[""Deliciously creamy, with classic vanilla taste that's perfect anytime"", ""Four boxes of 24 count Coffee-mate French Vanilla liquid coffee creamer singles; 96 tubs total"", ""No Refrigeration Needed"", ""Lactose free; Gluten free; Kosher Dairy"", ""Perfect for home, office or foodservice locations""]","[""Deliciously creamy, with classic vanilla taste that's perfect anytime. Its rich, smooth flavor makes it the ideal cup to share with your perfect mate, or enjoy all to yourself.""]",McAuley-Lab/Amazon-Reviews-2023,raw/meta_categories/meta_Grocery_and_Gourmet_Food.jsonl
B00URXM6FM,,"Nespresso Capsules OriginalLine,Ispirazione Decaffeinato Variety Pack,Mild,Medium,Dark Roast Espresso Coffee,30 Count Espresso Coffee Pods,Brews 1.35 oz",Nespresso,Grocery,4.7,2574,,"[""Grocery & Gourmet Food"", ""Beverages"", ""Coffee"", ""Single-Serve Capsules & Pods""]","[""NEW LOOK, NEW NAME, SAME GREAT TASTE: This Nespresso OriginalLine espresso coffee pod pack contains decaffeinated Nespresso capsules: 10 Ispirazione Firenze Arpeggio Decaf, 10 Vivalto Lungo Decaf & 10 Volluto Decaf"", ""INTENSITY: This Nespresso assortment will let you explore the rich tastes of the following: Ispirazione Firenze Arpeggio Decaf (Intensity 9), Vivalto Lungo Decaf & Volluto Decaf (Intensity 4)"", ""COFFEE BREWS 1.35 OZ: These Nespresso OriginalLine pods are part of the flavored range that will provide you with a 1.35 oz serving of a delicious coffee beverage"", ""WE RECYCLE: Nespresso aluminum capsules are fully recyclable and guarantee coffee freshness - we provide different options for recycling your used aluminum coffee pods to fulfill our collective commitment to protecting the environment"", ""ORIGINALLINE ONLY: Nespresso Original Line offers a full range of espresso coffee. From a milder fruity espresso to the short Ristretto. Create recipes with /without milk. (Nespresso OriginalLine capsules are not compatible with VertuoLine machines)""]","[""CONTENTS:DECAFFEINATO VIVALTO LUNGO: A complex & balanced coffee blend. Intensity 4. 100% Arabica- South America and East Africa Beans. ISPIRAZIONE FIRENZE ARPEGGIO DECAFFEINATO: An intense & creamy coffee blend. Intensity 9. 100% Arabica- South and Central America Beans. VOLLUTO DECAFFEINATO: A sweet & light coffee blend. Intensity 4. 100% Arabica- South America Beans""]",McAuley-Lab/Amazon-Reviews-2023,raw/meta_categories/meta_Grocery_and_Gourmet_Food.jsonl
B015ZIH8CE,,"Green Mountain Coffee Roasters Sumatra Reserve Keurig Single-Serve K-Cup Pods, Dark Roast Coffee, 12 Count",Green Mountain Coffee Roasters,Grocery,4.7,249,13.12,"[""Grocery & Gourmet Food"", ""Beverages"", ""Coffee"", ""Single-Serve Capsules & Pods""]","[""NEW look, same great taste!"", ""Sweet, bold complexity with tropical fruits, brown sugar, and warm spices"", ""Dark roast, caffeinated coffee"", ""Fair Trade Certified and USDA Organic"", ""100% Arabica and Certified Orthodox Union Kosher (U)""]","[""The mountains are a special place. It's where Green Mountain Coffee Roasters was born. It's where we developed our adventurous spirit and commitment to improving the lands through sustainably sourced coffee. We're driven to bring the world a richer, better cup of coffee. Be bold. Be alive. Grab a cup and get out there. Explore the complex flavors that thrive in the dense mountains of Indonesia. A deliciously dark body conjures a heady aroma of brown sugar and warm spices for a bold, sultry experience. Made with 100% Arabica coffee. These single-serve K-Cup pods are compatible with all Keurig K-Cup Pod Single-Serve Coffee Makers. Each K-Cup pod is filled with the freshest ground coffee and brews a perfect, great tasting cup of coffee, every time. Certified Orthodox Union Kosher, and Fair Trade Certified. What does being Fair Trade Certified mean? Being Fair Trade Certified mean that our farmers receive a fair price for quality products, can reinvest in their crops and communities, and achieve better health care, education, and quality of life. Since 2001, Green Mountain Coffee Roasters has become one of the leading roasters of Fair Trade coffee. We're also involved in global and local efforts to continually enhance the living conditions of our growers and their families.""]",McAuley-Lab/Amazon-Reviews-2023,raw/meta_categories/meta_Grocery_and_Gourmet_Food.jsonl
B01HQF7WPM,,"Pumpkin Spice Medium Roast Flavored Decaf Coffee Pods for Keurig K-Cup Makers from Double Donut, 96 Capsules",Double Donut Coffee,Grocery,4.1,51,48.99,"[""Grocery & Gourmet Food"", ""Beverages"", ""Coffee"", ""Single-Serve Capsules & Pods""]","[""INDULGE YOUR SWEET TOOTH: Double Donut’s flavored decaf coffee pods for Keurig Kcups are the perfect way to satisfy any sweet tooth. The medium roast is a balanced taste of cinnamon, spice, and freshly harvested pumpkin."", ""HIGH-QUALITY INGREDIENTS: Our decaf coffee capsules for K Pod Brewers are made of top-quality Arabica beans. They are not only rich, full-bodied, and flavorful, but they are gluten-free, dairy-free, sugar-free, Vegan, and Kosher as well."", ""ECO-FRIENDLY: Though convenient, disposable coffee capsules are bad for the environment. At Double Donut, we wanted to contribute in keeping our planet clean, so our pods are made from 100% recyclable material."", ""COMPATIBILITY AND EASE: Perfect for any home and commercial environment like hotels, spas, waiting rooms, offices, or restaurants, your decaffeinated medium roast mocha nut fudge coffee can be enjoyed anywhere with a Keurig Brewer 1.0 or 2.0."", ""DISCLAIMER: Double Donut Coffee has no affiliation with Keurig or K-Cup. Keurig and K-Cup are registered trademarks of Keurig and Green Mountain.""]",[],McAuley-Lab/Amazon-Reviews-2023,raw/meta_categories/meta_Grocery_and_Gourmet_Food.jsonl
B07LDWG6LH,,"Nestle Hot Chocolate Mix, Hot Cocoa, Rich Chocolate Flavor, Made with Real Cocoa, 0.71 oz Packets (Pack of 50)",Nestle,Grocery,4.7,11452,19.28,"[""Grocery & Gourmet Food"", ""Beverages"", ""Hot Chocolate & Malted Drinks"", ""Cocoa""]","[""Nestlé Hot Cocoa, Rich Chocolate Flavor is a rich-tasting hot cocoa mix with vanilla notes that creates a rich and indulgent chocolate flavor. Made with real Nestlé cocoa using sustainably-sourced cocoa beans."", ""Dispenser box of 50-count of cocoa sachets keeps the counter clean and organized."", ""Part of the Nestlé Cocoa Plan to promote better farming, better lives and better cocoa."", ""Just add hot water or milk for a richer cocoa of 6-8 ounces."", ""99.9% Caffeine-free. Kosher Dairy. 27-month shelf life.""]","[""Nestle Hot Cocoa Rich Chocolate Flavor is a rich-tasting hot cocoa mix with vanilla notes. Just add hot water or milk and treat yourself to a delicious, 99.9% caffeine-free, 6-8 ounces cup of cocoa. Nestle Hot Cocoa comes in a dispenser box of 50-count cocoa sachets to keep the counter clean and organized. Single serve hot cocoa packets are perfect for offices, cafeterias, restaurants and more. Kosher Dairy. Nestle Hot Cocoa is the cocoa brand with over 100 years of heritage, providing a creamy hot chocolate that your customers have come to trust and love. Made with real Nestle cocoa using sustainably-sourced cocoa beans, our hot chocolate is part of the Nestle Cocoa Plan to promote better farming, better lives and better cocoa. This product was created to meet Nestle Nutritional Foundation criteria, which sets targets for responsible levels of nutrients such as added sugar.""]",McAuley-Lab/Amazon-Reviews-2023,raw/meta_categories/meta_Grocery_and_Gourmet_Food.jsonl
B07LFJF6TR,,Subtle Earth Organic Coffee - Medium-Dark Roast - Whole Bean Coffee - 100% Arabica Beans - Low Acidity and Non-GMO - 2lb bag,Cafe Don Pablo,Grocery,4.6,10591,30.95,"[""Grocery & Gourmet Food"", ""Beverages"", ""Coffee"", ""Whole Coffee Beans"", ""Roasted Coffee Beans""]","[""ORIGIN - Subtle Earth Organic Coffee features beans sourced from Honduras that gives the coffee a full bodied, deep, rich, chocolatey flavor with a clean finish and low acidity."", ""AROMATIC NOTES - This whole bean coffee blend tastes of smooth milk chocolate with notes of honey, caramel, and cocoa. The slight caramelization of the natural sugars in the bean gives this Medium-Dark coffee a touch of roastiness, while retaining its natural flavor character with a sweet and pleasant aftertaste."", ""EXPERTLY ROASTED - We artisan roast our coffee beans in small batches just prior to shipping to ensure peak flavor and optimal freshness."", ""QUALITY (& RESPONSIBILITY) - Our Medium-Dark roast beans are “Specialty” rated and expertly roasted for consistent quality. . Our coffee is ethically sourced and USDA Organic Certified. Keto and vegan friendly and gluten and nut free."", ""REFUNDABLE - Try Don Pablo Risk-Free: Buy now, and if you don't love our coffees, contact us directly through Amazon, and we will happily refund your order.""]","[""Full Body, with a Deep rich Chocolaty Flavor, and a clean finish. Smooth Milk Chocolate, with Tones of Honey, Caramel and Cocoa. Organic Certified. This Coffee is an exceptional Honduran coffee from the Marcala region. No chemical inputs are used. The cherries (fruit of the coffee bean), are composted and used as fertilizer, along with vermiculture, and fewer insects are present at the altitude that it's grown, so no insecticides are necessary. If there ever is a bug problem, farmers sometimes plant peppers as a repellent. The coffee is very dense, and thus has depth of flavor and we are able to roast it just right to bring out it's natural flavor characteristics and a wonderful sweetness. All our coffees are roasted fresh to order in multiple small batch roasters (30-60 kilos) at our facility in Miami. We are a family of growers and roasters, laser-focused on quality, and because of our volume and innovative model, we are able to deliver an excellent quality certified organic coffee, at a price that represents a considerable value.""]",McAuley-Lab/Amazon-Reviews-2023,raw/meta_categories/meta_Grocery_and_Gourmet_Food.jsonl
B07NPM4RRR,,Starbucks Flavored K-Cup Coffee Pods with 2X Caffeine — Honey Caramel for Keurig Brewers — 6 boxes (60 pods total),Starbucks,Grocery,4.6,211,,"[""Grocery & Gourmet Food"", ""Beverages"", ""Coffee"", ""Single-Serve Capsules & Pods""]","[""CONTAINS: 6 boxes of 10 pods (60 total K-Cup pods) of Starbucks Coffee with 2X Caffeine—a honey-caramel flavored, 100% arabica coffee with 2X the caffeine compared to one pod of Starbucks K-Cup black coffee when brewed as directed"", ""THE TASTE YOU LOVE: We’ve combined our rich and flavorful Veranda Blend blonde-roast coffee with honey caramel flavor and natural coffee extracts"", ""EXTRA BOOST: Crafted with natural coffee extracts—Starbucks Coffee with 2X Caffeine to give you an extra boost to take on the day"", ""STARBUCKS AT HOME: Enjoy the Starbucks coffee taste you love at home, with an extra reason to savor every sip""]","[""\""Get more from the Starbucks coffee you know and love with Starbucks Coffee with 2X Caffeine. A specially crafted combination of our our rich and flavorful Veranda Blend blonde-roast coffee with honey caramel flavor and natural coffee extracts—Starbucks Coffee with 2X the Caffeine helps give you an extra boost to take on the day.† Enjoy the Starbucks coffee taste you love, with an extra reason to savor every sip."", ""†Compared to one pod of Starbucks K-Cup black coffee when brewed as directed. Keurig and K-Cup are trademarks of Keurig Green Mountain, Inc., used with permission.\""""]",McAuley-Lab/Amazon-Reviews-2023,raw/meta_categories/meta_Grocery_and_Gourmet_Food.jsonl
B07PZQLDFM,,"Corner One Coffee, 100 Ct. Single-Serve K-Cup, Keurig 2.0 Compatible, Signature Roast",Corner One Coffee,Grocery,4.1,179,,"[""Grocery & Gourmet Food"", ""Beverages"", ""Coffee"", ""Single-Serve Capsules & Pods""]","[""Medium Roast 100% Arabica coffee"", ""Fair Trade Certified and USDA Organic"", ""Ensure a fresh cup of high-quality coffee every time with pods compatible with Keurig brewers"", ""Kosher Certified"", ""Also available in Fair Trade Organic Breakfast Blend, Fair Trade Organic French Roast and 100% Colombian""]","[""Combining sensational taste with social responsibility that ensures fair wages, decent working conditions and the support of local sustainability, Corner One’s Signature Fair Trade Organic coffee delivers good vibes and rich flavor notes all around. Enjoy a smooth, clean finish, complete with a clean conscience. Each of these single serve coffee cups is nitrogen flushed to give you the freshest cup, every time you brew. Compatible with 2.0 k-cup brewers and Kosher certified. Great for home and the office. About Corner One Coffee Co: For gourmet taste and weekend vibes every day of the week, make your destination Corner One. Always premium but never pretentious, our select variety of 100% Arabica beans is ethically sourced and small batch roasted to enrich your coffee ritual and please your palate. Our facilities are Carbon Neutral Certified by Trees for the Future, which means we plant enough trees every year to offset all our carbon emissions. Taste the difference 40 years of specialty roasting experience makes with Corner One Coffee.""]",McAuley-Lab/Amazon-Reviews-2023,raw/meta_categories/meta_Grocery_and_Gourmet_Food.jsonl
B07SFZS5N3,,"Nespresso Capsules VertuoLine, Double Espresso Scuro, Dark Roast Espresso Coffee, 10 Count (Pack of 3) Coffee Pods, Brews 2.7 Ounce (VERTUOLINE ONLY)",Nespresso,Grocery,4.8,26142,34.5,"[""Grocery & Gourmet Food"", ""Beverages"", ""Coffee"", ""Single-Serve Capsules & Pods""]","[""DARK & BOLD: This Nespresso coffee is created from, a blend of Central American coffee with a dark smoky character enriched by notes of cocoa and vanilla for a strong espresso coffee beverage"", ""INTENSITY 11: This Nespresso coffee blend is made with a highly roasted blend of Robusta and Arabica coffee for the most consistent roasting for a strong, intense, and balanced texture in this espresso all in easy to use Nespresso Capsules"", ""DOUBLE ESPRESSO SCURO ESPRESSO BREWS 2.7 OZ: These Nespresso VertuoLine pods are part of the Double Espresso range that will provide you with a 2.7 oz serving of espresso which will help you double up on you single espresso coffee"", ""WE RECYCLE: Nespresso aluminum capsules are fully recyclable and guarantee coffee freshness - we provide different options for recycling your used aluminum coffee pods to fulfill our collective commitment to protecting the environment"", ""VERTUOLINE ONLY: Nespresso Vertuo delivers you a full range of cup sizes and coffee styles from espresso to Alto XL with easy to use Nespresso pods. Enjoy hot or pour over ice. (VertuoLine Capsules are not compatible with OriginalLine machines)""]","[""Double Espresso Scuro is a highly roasted blend made from Central American Robusta and Arabicas. Its very dark smoky character is enriched by notes reminiscent of cocoa and vanilla.""]",McAuley-Lab/Amazon-Reviews-2023,raw/meta_categories/meta_Grocery_and_Gourmet_Food.jsonl
B07V4TLSV1,,"The Original Donut Shop Coffee Chocolate Glazed Donut Keurig Single-Serve K-Cup Pods, Medium Roast Coffee, 72 Count",The Original Donut Shop,Grocery,4.7,7978,44.99,"[""Grocery & Gourmet Food"", ""Beverages"", ""Coffee"", ""Single-Serve Capsules & Pods""]","[""BRAND STORY: Get ready to dive headfirst into a cup of donut-inspired coffee. We stack flavors on top of flavors to reimagine the limits of coffee and turn every day into a delicious treat. So drink up, and set your taste buds to discovery mode!"", ""TASTE: Fresh-baked chocolate donut-flavored coffee in a cup."", ""ROAST: Medium Roast caffeinated coffee and is certified Orthodox Union Kosher"", ""SUSTAINABILITY: Committed to 100 percent responsibly sourced coffee"", ""COMPATIBILITY: Contains genuine Keurig K-Cup pods, engineered for guaranteed quality and compatibility with all Keurig K-Cup pod coffee makers"", ""RECYCLABLE K-CUP PODS: Simple. Delicious. And Recyclable. Enjoy the same great-tasting coffee you know and love, and when you’re done just peel, empty and recycle. Check locally, not recycled in all communities. Packaging may vary.""]","[""Ever dream of a cup of coffee bursting with fresh-baked chocolate donut flavor? You aren’t alone, and this isn’t a dream at all. It’s real, and it’s delicious. Start your day with Chocolate Glazed Donut coffee from The Original Donut Shop. There’s a lot of coffee that exists just to help you face the day. We make coffee that helps you embrace it. Brimming with the bold taste and aroma that gets you going and keeps you smiling, our deliciously uncomplicated coffee comes from a box as bright as the outlook you’ll have after every sip. Because really good coffee might be just what you need to enjoy a really great day. The Original Donut Shop K-Cup pods are compatible with all Keurig single-serve coffee makers and brew up to 12 oz. of coffee at the touch of a button. Each K-Cup pod is filled with the freshest ground coffee and brews a great-tasting cup, every time. Certified Orthodox Union Kosher. Recyclable* K-Cup Pods: Simple. Delicious. And Recyclable. Enjoy the same great-tasting coffee you know and love, and when you’re done just peel, empty and recycle. *Check locally, not recycled in all communities. Packaging may vary.""]",McAuley-Lab/Amazon-Reviews-2023,raw/meta_categories/meta_Grocery_and_Gourmet_Food.jsonl
B07WRDVV79,,"Victor Allen's Coffee Morning Blend Light Roast, Ground Coffee, 6 Pack - 12oz Bags",Victor Allen,Grocery,4.5,151,34.95,"[""Grocery & Gourmet Food"", ""Beverages"", ""Coffee"", ""Ground Coffee""]","[""COUNT: Includes 6 bags of 12oz Ground Coffee"", ""ROAST: Light - Balanced, smooth and rich"", ""FLAVOR PROFILE: Mild and satisfying with a subtle kick, Victor Allen’s Morning Blend strikes a perfect balance between the quiet you want and the jolt you know you need to get moving in the morning."", ""100% Gluten Free & Non-GMO: Our coffee products do not contain gluten or genetically modified ingredients"", ""BRAND STORY: Since 1979 Victor Allen has been proud to bring you high-quality, roaster-fresh perfection. We source 100% Arabica beans from all over the world and use precision roasting techniques to guarantee the very best coffee"", ""INGREDIENTS: 100% Arabica coffee"", ""CAFFEINE CONTENT: Victor Allen's coffees range from 90-150 mgs per serving"", ""SELECTION: Victor Allen's offers a wide selection of beverage choices from light, medium and dark roasts to everyday and seasonal flavors, in bagged, single serve and ready to drink formats."", ""HOW TO BREW: 1. Load your single serve cup into your brewer. 2. Select the 8-floz setting on your brewer for the best taste. 3. To prevent dripping upon completion of brewing carefully tilt the single serve cup upon removal from your brewer. 4. Enjoy!""]","[""Victor Allen's Coffee Morning Blend is a light roast that is well-equipped to ring in the sun each morning. Morning Blend coffee is traditionally a light roast, light body brew known for its even-keeled flavor profile and smooth finish. Morning Blend coffee has been long praised for its comfortingly familiar taste that both soothes and invigorates.""]",McAuley-Lab/Amazon-Reviews-2023,raw/meta_categories/meta_Grocery_and_Gourmet_Food.jsonl
B07X718GJV,,"Folgers Lively Colombian Ground Coffee, Medium Roast, 10 Ounce",Folgers,Grocery,4.4,638,,"[""Grocery & Gourmet Food"", ""Beverages"", ""Coffee"", ""Ground Coffee""]","[""Medium-roast coffee with a distinctively rich full-bodied taste"", ""100% pure, sustainably grown coffee. Roasted in New Orleans, Louisiana""]","[""Enjoy the vibrant spirit of Colombia with the full-bodied taste and aroma of an exotic gourmet coffee with Folgers Lively Colombian Coffee. The distinctively rich taste of 100% Colombian beans will help you enjoy every morning. Founded in San Francisco, Folgers is an iconic American brand with a history as rich as its coffee. For more than 150 years, Folgers has been the “Best Part of Wakin' Up\"" with its Mountain Grown beans and fresh, eye-opening aroma. Folgers coffee provides you with consistently rich, pure taste, cup after cup. Our great taste is equally matched by the dedication to bringing you the flavors you love in the format you choose. Some of your favorite Folgers roasts are also available in canisters, K-Cup Pods, instant, individual single serve packets and other convenient formats.""]",McAuley-Lab/Amazon-Reviews-2023,raw/meta_categories/meta_Grocery_and_Gourmet_Food.jsonl
B07Z5QVDCW,,"Starbucks Naturally Flavored Coffee Syrup, Caramel, Pack of 4",Starbucks,Grocery,4.6,22512,59.34,"[""Grocery & Gourmet Food"", ""Beverages"", ""Beverage Syrups & Concentrates"", ""Syrups""]","[""Bring home signature Starbucks cafe flavor with Starbucks Naturally Flavored syrups and sauces"", ""Starbucks Naturally Flavored Caramel Syrup has a delicious smooth and buttery flavor inspired by the drinks of the Starbucks cafe"", ""Starbucks syrups and sauces pair perfectly with your favorite Starbucks coffee"", ""Add 1 tablespoon to your 12-oz. coffee for a splash of smooth and buttery caramel flavor"", ""Made with natural flavors""]","[""Add a splash of cafe flavor to your morning coffee. Starbucks naturally flavored syrups and sauces pair perfectly with Starbucks coffee and can add a personal touch to your favorite beverages. Add the signature flavor of the Starbucks cafe to a wide variety of coffee drinks such as macchiatos, caffe lattes, frozen and iced coffee beverages or other treats like milkshakes and hot chocolate. Starbucks Naturally Flavored Caramel Syrup has a delicious, smooth and buttery flavor reminiscent of your last visit to a Starbucks cafe. This package contains 4 bottles so you'll have plenty to share.""]",McAuley-Lab/Amazon-Reviews-2023,raw/meta_categories/meta_Grocery_and_Gourmet_Food.jsonl
B083XDH8K8,,"Starbucks Nitro Cold Brew, Dark Caramel, 9.6 Fl oz Can (8 Pack)",Starbucks,Grocery,4.2,1149,,"[""Grocery & Gourmet Food"", ""Beverages"", ""Coffee"", ""Ready to Drink Liquid Coffee""]","[""Allergen Information: Almonds Free""]","[""We started with a premium blend of beans specially selected to brew without heat. Then we added Natural vanilla and fig flavors to enhance the coffee’s complexity, creating a taste that’s smooth, balanced and subtly sweet.""]",McAuley-Lab/Amazon-Reviews-2023,raw/meta_categories/meta_Grocery_and_Gourmet_Food.jsonl
B088SSNTH1,,"Timothy's, Cinnamon Pastry, Single-Serve Keurig K-Cup Pods, Medium Roast Coffee, 96 Count (4 Boxes of 24 Pods)",TIMOTHY'S,Grocery,4.6,195,59.99,"[""Grocery & Gourmet Food"", ""Beverages"", ""Coffee"", ""Single-Serve Capsules & Pods""]","[""Spicy sweetness of cinnamon with a light pastry finish"", ""Medium Roast"", ""Flavored Caffeinated"", ""Orthodox Union Kosher""]","[""Snuggle up to a cup of comfort with Timothy's Cinnamon Pastry. Timothy's ethical and exceptional specialty-grade coffees are sourced from the top coffee growing regions of the world and then roasted to perfection, highlighting the unique characteristics of the land in which they were grown.""]",McAuley-Lab/Amazon-Reviews-2023,raw/meta_categories/meta_Grocery_and_Gourmet_Food.jsonl
B08FVH85JP,,Starbucks VIA Instant Coffee Dark Roast Packets — Italian Roast — 1 box (8 packets),Starbucks,Grocery,4.5,11812,,"[""Grocery & Gourmet Food"", ""Beverages"", ""Coffee"", ""Instant Coffee""]","[""Made only with high-quality arabica coffee beans""]","[""This is Starbucks quintessential dark roast—expertly crafted to bring out sweetness and intensity. It showcases the precision and skill of our roasters, who created a coffee that's slightly darker than our Espresso Roast without the smoky edge of French Roast. A great cup of coffee, it has a depth of flavor that holds its own with cream and sugar. Create great-tasting beverages with these single-serve packets. Enjoy them anytime, anywhere—in an instant.""]",McAuley-Lab/Amazon-Reviews-2023,raw/meta_categories/meta_Grocery_and_Gourmet_Food.jsonl
B08K3LV5WS,,"ZENERGY Energy Gum, 50mg of Caffeine Per Piece with B6 and B12 Vitamins, 0 Calories, Sugar and Gluten Free, Non GMO, Vegan and Aspartame Free, Mint Flavour, 8-Count Boxes (Pack of 3)",ZENERGY,Grocery,4.4,801,13.95,"[""Grocery & Gourmet Food"", ""Snacks & Sweets"", ""Candy & Chocolate"", ""Chewing & Bubble Gum""]","[""ENERGY WITHOUT THE BS: Jolt your way through the 2pm slump and late nights with Zenergy chewing gum infused with caffeine and balanced with B-Vitamins. Perfect for military, late night shifts, long drives, runs, or a simple afternoon pick-me-up!"", ""RATED BEST TASTING CAFFEINE GUM: We’re all for an energy rev but unlike other caffeine gums we like treating your taste buds with love too! Say goodbye to the mouthful of bitterness with Zenergy’s patented Tri-Layer, Cold-Compressed, No-Heat, No-Moisture technology which makes our gum actually taste like regular mint gum."", ""SUGAR FREE GUM + ZERO CALORIES + NO CRASH: Whether you use Zenergy for your commute, work or to run after toddlers, giving you clean energy is our focus. Zenergy prioritizes your health by being a zero calorie, sugar-free (NO crash!), aspartame-free, gluten-free, allergen-free, vegan and kosher solution with vitamins B6 + B12."", ""RAPID RELEASE + NO JITTERS: Stop waiting for the boost, cue the ultimate running gum! Zenergy is designed to deliver energy fast, so you can stay alert and conquer your day. The high quality GRAS ingredients in our energy gum are absorbed through the mouth so you can feel the boost in just 5-10 minutes instead of waiting up to 45 minutes for your beverage, and without the bloating."", ""PORTABLE CLEAN ENERGY ON DEMAND: Each pack of Zenergy has 8 pieces of delicious gum, equaling to 4 cups of coffee that can fit in your pocket as you play golf. Zenergy’s easy to carry lightweight packs give you access to clean energy anywhere, anytime. Long gone are the days of holding your beverage everywhere you go and to that we say, chew on!""]",[],McAuley-Lab/Amazon-Reviews-2023,raw/meta_categories/meta_Grocery_and_Gourmet_Food.jsonl
B08L93F73V,,"Tootsie Roll Junior Mints Hot Cocoa Pods, Compatible with Keurig K Cup Brewers, Perfect Peppermint Hot Chocolate Gift, Candy Junior Mints Hot Cocoa, 40 Count",Tootsie Roll,Grocery,4.4,5592,19.98,"[""Grocery & Gourmet Food"", ""Beverages"", ""Hot Chocolate & Malted Drinks"", ""Cocoa""]","[""Junior Mints Hot Cocoa has the dark chocolaty taste you crave with a fresh burst of mint you'll love."", ""Enjoy this awesome lineup of hot cocoa based off of iconic chocolate brands. Each cup brews a perfect individual serving of velvety hot chocolate Candy made with real cocoa. Brew on low setting for extra creaminess."", ""Craving the flavors of smooth peppermint and indulgent dark chocolate in one warm and comforting cup? Now, your taste buds don’t have to choose. Cool, refreshing mint meets rich, luscious dark chocolate in the hot cocoa take on America’s favorite chocolate covered creamy mint."", ""Contains 40 Junior Mint Chocolate Mint Hot Cocoa pods."", ""Candy Flavored hot chocolate pods are compatible with Keurig K-Cup Brewers. Keurig Green Mountain Inc. Keurig, Green Mountain and K Cup are registered trademarks of Keurig Dr Pepper. Tootsie Roll, Junior Mints, Charleston Chew and Sugar Babies are not affiliated, endorsed, or related with Keurig Dr Pepper.""]","[""Craving the flavors of smooth peppermint and indulgent dark chocolate in one warm and comforting cup. Now, your taste buds don’t have to choose. Cool, refreshing mint meets rich, luscious dark chocolate in the hot cocoa take on America’s favorite chocolate covered creamy mint.""]",McAuley-Lab/Amazon-Reviews-2023,raw/meta_categories/meta_Grocery_and_Gourmet_Food.jsonl
B08NWZH4CJ,,"Community Coffee Medium Roast Single Serve KCup Compatible Pods Box of Pods, Breakfast Blend, 18 Count",Community Coffee,Grocery,4.6,1072,,"[""Grocery & Gourmet Food"", ""Beverages"", ""Coffee"", ""Single-Serve Capsules & Pods""]","[""BREAKFAST BLEND: Start your day with this smooth, bright, medium roast coffee with notes of honey & hazelnut. Compatible with single-serve brewing systems, including Keurig 2.0 k-cup brewers."", ""COFFEE PODS: We take high-quality 100% Arabica beans, roast & grind them to perfection, then package them in single-serve coffee pods that are Keurig 2.0 (k-cup) compatible for quick & easy brewing."", ""COMMUNITY IS EVERYTHING: From using responsibly-sourced coffee beans to programs that support military service members, local schools & more, Community Coffee gives back to our partners & local communities in every way we can."", ""HOW YOU LIKE IT: We have k-cup compatible single-serve coffee pods for a quickly brewed cup. For reusable pods, we have whole beans or ground coffee for the same great Community Coffee taste."", ""QUALITY ASSURED: All of our coffee beans go through a rigorous scoring system for body, balance, flavor & aroma. Only then can they be considered fit to bear the Community Coffee name.""]","[""This aromatic, medium roast is sure to awaken your senses and follow with a smooth and bright finish. We purposefully source the beans of our Breakfast Blend to highlight the full-bodied flavors of South and Central America. We then carefully roast them to bring out notes of honey and hazelnut, developing a rich, smooth flavor that will make the first cup of the day your favorite. Made from only 100% select Arabica coffee beans. This product contains a single pack of 18 single serve coffee pods (Keurig compatible K-Cups™). Enjoy 18 cups of coffee. About Community Coffee: Since Cap blended the first batch of Community® coffee, we’ve seen plenty of change — both inside and outside the company. We’ve evolved to better serve our customers, but we’ve also tried to stay true to our roots and the community that got us started. That’s why for over 100 years we’ve maintained an unwavering dedication to making the best-tasting, highest-quality coffee we possibly can — all while developing better methods of sourcing, superior roasting techniques and innovative ideas to keep our coffee at its peak of flavor and freshness. e simply love making coffee, and we find inspiration in every part of the process, from planting the beans to serving the perfect cup. Above all, we're inspired by the people we work with, the customers we serve and the connections we’ve built together.""]",McAuley-Lab/Amazon-Reviews-2023,raw/meta_categories/meta_Grocery_and_Gourmet_Food.jsonl
B08RZDWWQZ,,Compatible with Nespresso machines - Courage - by Ilan's - 60 count espresso pods - Premium gourmet quality espresso pods comptible with Nespresso Original Machines - Fair Trade,The Alternative Cafe,Grocery,3.8,230,,"[""Grocery & Gourmet Food"", ""Beverages"", ""Coffee"", ""Single-Serve Capsules & Pods""]","[""YOUR NEW MORNING ESPRESSO PODS ARE HERE - Courage is darkly aromatic, with a full bodied kick of pronounced bitterness and a luxuriously thick crema - for serious coffee lovers who know exactly what they like in a dark roast"", ""FINALLY, DELICIOUS PREMIUM COFFEE - from an espresso capsule that tastes the way coffee should. You don’t have to settle for mediocre, overly-roasted coffee capsules anymore!"", ""ILAN’S ALTERNATIVE COFFEES - Artisanal gourmet blends - highest quality coffee beans for espresso capsules - expertly roasted for the most discerning coffeeholics"", ""A COMBINATION OF FULL BODIED FLAVORS AND AROMAS sealed hermetically in aluminum-free capsules - We have sealed the amazing flavors and aromas into these perfect and easy to use espresso pods which work flawlessly with Nespresso Original machines"", ""PERFECT, WHATEVER YOUR CHOICE OF COFFEE BEVERAGE - We pride ourselves on producing the highest-quality blends of AA coffee beans, and nespresso compatible pods to match any of your favorite coffee drinks""]",[],McAuley-Lab/Amazon-Reviews-2023,raw/meta_categories/meta_Grocery_and_Gourmet_Food.jsonl
B092C7GMCD,,"Purecane Sugar Substitute Baking Sweetener, Purecane Baking Pouch, 24 Ounce",Purecane,Grocery,4.4,3681,17.99,"[""Grocery & Gourmet Food"", ""Pantry Staples"", ""Cooking & Baking"", ""Baking Syrups, Sugars & Sweeteners"", ""Sugar Substitutes"", ""Stevia""]","[""MEET THE NEW SWEET: We discovered a revolutionary way to ferment sugarcane, bringing you the purest no-calorie sweetness in the world; Purecane is a 2019 World Food Innovation Award Winner"", ""IT’S NOT MAGIC. IT’S NATURAL! Reb-M—the main ingredient in Purecane—is a sweet molecule found in nature. We’ve found a way of creating it from sugarcane—so it’s no wonder it tastes like sugar; After all, that’s exactly where it comes from"", ""EASIER FOR YOUR BODY TO PROCESS: Diabetes-friendly! Purecane contains zero calories and is low-glycemic, which makes it simple for your body to metabolize; it won’t spike blood sugar levels or cause any crashes, nor will you store it as fat"", ""SWEETER FOR YOU AND THE PLANET: Purecane is made from sustainably sourced and non-GMO sugarcane; But we don’t recommend eating it—trust us, it tastes just like cardboard""]","[""We discovered a revolutionary way to ferment sugarcane, bringing you the purest no-calorie sweetener in the world. Reb-M, the main ingredient in Purecane, is a rare sweet molecule found in nature, but we’ve found a way of creating it from sugarcane. Purecane contains zero calories and is non-glycemic. It won't spike blood sugar levels or cause any crashes, nor will you store it as fat. Compared to other sweeteners, even natural ones like stevia, Purecane is healthier, cleaner, tastier, and has a smaller footprint. Purecane gives you the sweetness you love, without the calories or health risks. Best of all, this sweetness comes without chemicals, bitter aftertaste or zero glycemic impact. Purecane is a 2019 World Food Innovation Award Winner and recipient of the 2021 Fast Company Award for Most Innovative Brand. There is a Purecane product for every taste or recipe. A spoonable family canister, powdered confectioners sugar substitute, brown sugar substitute, a baking sweetener and convenient, travel-friendly sachets. So go ahead. Have your cake and eat it too, frosting and all. Trust us, it'll be love at first bite. We're making sweet right!""]",McAuley-Lab/Amazon-Reviews-2023,raw/meta_categories/meta_Grocery_and_Gourmet_Food.jsonl
B099KPRZQJ,,"Folgers Blonde Silk Light Roast Ground Coffee, 9.6 Ounce (Pack of 6)",Folgers,Grocery,4.2,49,,"[""Grocery & Gourmet Food"", ""Beverages"", ""Coffee"", ""Ground Coffee""]","[""Contains six (6) 9.6-ounce canisters of Folgers Blonde Silk light roast coffee"", ""Ground coffee with a blend of bright and smooth flavors"", ""Crafted with methodically double-dried coffee beans"", ""Works with a wide range of home coffee makers"", ""Precisely blended and cup-tested with a process that’s been honed over 150+ years""]","[""Make your mornings even brighter with Folgers Blonde Silk mild roast coffee. Vibrant yet velvety-smooth, this light roast ground coffee blend is crafted by the quality-obsessed. We start with methodically double-dried coffee beans that are precisely blended and, later, cup-tested. Thanks to its convenient ground coffee form, you can brew it by the mug or pot with just about any home coffee maker. Then, simply customize with your favorite creamers and sweeteners to create an invigorating beverage that will help you get any day off to a smooth start. Pick up a canister to taste the passion in each bright and flavorful sip.""]",McAuley-Lab/Amazon-Reviews-2023,raw/meta_categories/meta_Grocery_and_Gourmet_Food.jsonl
B09G6MRQ9V,,Nestle Coffee-Mate Liquid Creamer Original 2-pack; 50 Count Each,Nestle Coffee mate,Grocery,4.6,836,16.0,"[""Grocery & Gourmet Food"", ""Dairy, Eggs & Plant-Based Alternatives"", ""Plant-Based Coffee Creamers""]","[""Coffee-Mate Liquid Creamer Singles"", ""2 - 50ct boxes"", ""Non-Dairy + Lactose-Free + Cholesterol-Free + Gluten-Free + Kosher Dairy"", ""Blends quickly and completely into hot beverages"", ""Create your perfect cup of velvety goodness by adding the right amount of flavor you want every time""]","[""2 - 50ct boxes Coffee-Mate Liquid Creamer Singles"", ""Transform the coffee you like into the coffee you love with Coffee mate flavored coffee creamer. Add the satisfying flavors to your cup for a taste that's lactose-free, and gluten-free. With Coffee mate non-dairy coffee creamer, you can create your perfect cup of velvety goodness by adding the right amount of flavor you want every time—morning, noon, or night.""]",McAuley-Lab/Amazon-Reviews-2023,raw/meta_categories/meta_Grocery_and_Gourmet_Food.jsonl
B09HCFRWNP,,"Kauai Hawaiian Ground Coffee, Mocha Macadamia Nut Flavor - Gourmet Arabica Coffee From Hawaii's Largest Coffee Grower - Rich Flavor with Nutty Notes and Sweet Chocolate Overtones - 10 Ounce",KAUAI COFFEE,Grocery,4.5,18868,9.58,"[""Grocery & Gourmet Food"", ""Beverages"", ""Coffee"", ""Ground Coffee""]","[""ARABICA COFFEE - Kauai Coffee is an Arabica ground coffee, featuring a smooth, delicious flavor and amazing aroma; Each cup is a truly satisfying experience!"", ""MOCHA MACADAMIA NUT - Our Mocha Macadamia Nut ground coffee delivers a savory aroma, making it the perfect cup of coffee to drink, day or night"", ""ROASTED TO PERFECTION - Our Roast Masters use beans, 10% of which are grown on our estate in Kauai, to capture the easygoing character and subtle nuances that distinguish our ground Kauai coffee"", ""GOOD FARMING - From growing the coffee to roasting and packaging, we employ sustainable, farming practices throughout every step of the process"", ""HAWAII’S LARGEST COFFEE GROWER - Kauai Coffee is Hawaii’s largest coffee grower; We have just about 4 million coffee trees grown on 3,100 acres - a true Hawaiian coffee estate!""]","[""One sip of our ground coffee and you’re instantly transported to paradise! Each year, only a very select portion of our harvest is set aside, and it’s from these premium beans that our Roast Masters capture the easygoing character and subtle nuances that distinguish our ground Kauai coffee. From growing the coffee to roasting and packaging, we employ sustainable, environmentally sound practices throughout every step of the process. Kauai Coffee Company is Hawaii’s largest coffee grower, and the largest coffee grower in the U.S. We have just about 4 million coffee trees grown on 3,100 acres – a true Hawaiian coffee estate! Some call Kauai paradise. We simply call it home.""]",McAuley-Lab/Amazon-Reviews-2023,raw/meta_categories/meta_Grocery_and_Gourmet_Food.jsonl
B09L2Z8MJ9,,"Organic Clean Energy Drink by RUNA, Lime Twist | Refreshing Tea Taste | 10 Calories | Powerful Natural Caffeine | Healthy Energy & Focus | No Crash or Jitters | 12 Oz (Pack of 12)",RUNA,Grocery,3.9,476,,"[""Grocery & Gourmet Food"", ""Grocery Prime Day 2017"", ""Prime Day Grocery"", ""Prime Day Grocery Deals"", ""Grocery Prime Day Cold Beverages""]","[""POWERFUL CLEAN ENERGY: Made with organic ingredients, powerful natural caffeine, and low calories, to help give you lasting Clean Energy without a crash."", ""REFRESHING TEA TASTE MADE WITH NATURAL FLAVORS: RUNA’s brewed guayusa has a light and delicious flavor reminiscent of chilled tea or kombucha with an added hint of natural fruit flavor."", ""PACKED WITH NATURAL CAFFEINE: The 150mg of natural caffeine in RUNA comes from a single source, Guayusa. This Amazonian super leaf provides sustained energy and focus, without the crash or jitters. If you’ve enjoyed other natural products, such as Yerba Mate by Guayaki, Yerbae or Zevia Energy Drink, you’re sure to love RUNA."", ""ONLY 10 CALORIES: RUNA does not use any fake sweeteners. 2 grams of organic cane sugar is just enough for a light refreshing taste."", ""BETTER INGREDIENTS: We’re dedicated to bringing you clean energy in every way possible, from using real ingredients, to how we source and produce. That’s why our drinks are certified USDA Organic, Non-GMO, and Kosher. RUNA energy drinks are also gluten-free and vegan.""]",[],McAuley-Lab/Amazon-Reviews-2023,raw/meta_categories/meta_Grocery_and_Gourmet_Food.jsonl
B09MSRFQZC,,"Door County Coffee Holiday Seasonal Blend, Door County Christmas, Ground Coffee, 8 oz Bag.",Door County Coffee & Tea Co.,Grocery,4.5,1059,,"[""Grocery & Gourmet Food"", ""Beverages"", ""Coffee"", ""Ground Coffee""]","[""Whether you are looking to start a new Christmas tradition, or want to reinvent a current one, this coffee is an instant classic."", ""TOP 2% OF ALL BEANS: We use only Specialty Class 1 Arabica coffee beans, the top 2% of what’s grown in the world!"", ""SMALL BATCH ROASTING: Located in Door County, Wisconsin, Door County Coffee & Tea Co. is a small, family-owned business, roasting coffee the old-fashioned way - in small batches to exacting specifications. With a superior roasting technology, which we believe is the best in the industry, and you get a wonderfully even, perfect roast each and every time."", ""WEEKS SUPPLY OF COFFEE: Includes one 8oz bag of medium roast ground coffee to make about seven 5 to 7 cup pots of coffee in a drip style, regular coffee brewer."", ""GUILT FREE TREAT: All of our coffees contain 0 grams of sugar, fat, and carbs per 6oz serving!! Yes, even the deliciously amazing sounding flavors like Highlander Grogg have 0 g of sugar!""]",[],McAuley-Lab/Amazon-Reviews-2023,raw/meta_categories/meta_Grocery_and_Gourmet_Food.jsonl
B09X6WM1K2,,"Smart Sips, Chocolate Raspberry Coffee, 48 Count, Single Serve Flavored Coffee Pods for Keurig K-Cup Brewers",Smart Sips Coffee,Grocery,4.2,1197,30.98,"[""Grocery & Gourmet Food"", ""Beverages"", ""Coffee"", ""Single-Serve Capsules & Pods""]","[""Rich Chocolate Blended With Fresh Raspberries"", ""Smart Sips Coffee was recently featured on Good Morning America where we swam with the sharks of Shark Tank... and they LOVED our products!"", ""Drink your dessert with our decadent Chocolate Raspberry Gourmet Coffee without the calories, carbs or sugar! Our Chocolate Raspberry Gourmet Coffee is sugar-free, carb-free and 2 calories per cup. Cheers!"", ""48 Count, Single Serve Chocolate Raspberry Gourmet Flavored Cups Compatible with ALL Keurig K-cup Brewers, Including the Keurig 2.0"", ""Kosher, Parve, Gluten Free, Sugar Free, 2 Calories Per Cup""]","[""Smart Sips Coffee was recently featured on Good Morning America where we swam with the sharks of Shark Tank... and they LOVED our products! We invite you to drink your dessert and indulge with our Chocolate Raspberry Gourmet Coffee! If you love the rich, smooth taste of chocolate expertly combined with the taste of fresh raspberry, you have met your new favorite coffee flavor! Our Chocolate Raspberry Coffee is a taste like no other. Smart Sips Coffee is a buzzing company that brings new heights of flavor, taste and aroma into your day. We put our own creative spin on flavored coffee, hot chocolate, cappuccino and more… and the result is a step out of the ordinary and into the extraordinary! Our products are made in the U.S.A. and our company is woman-owned and family-run. We create products that become a staple in someone’s day, workplace and kitchen. Our vision is to create deliciously different, unique products that connect with our customers and provide them something enjoyable and essential in their day. We also provide a deliciously guiltless way to satisfy your sweet tooth without the calories, carbs or sugars. Drink smart…enjoy the benefits! Check out our other delicious flavors including: COFFEE- Dark Chocolate Cranberry, Pumpkin Spice Cinnamon Roll, Bananas Foster, Banana Cream, Cognac, Chocolate Cherry Cordial, Chocolate Orange, Cinnamon Roll, Chocolate Peanut Butter, Blueberry Cinnamon Crumble, Southern Pecan, Irish Cream, French Vanilla, Hazelnut Cream, Chocolate Raspberry. Smart Sips Coffee, Hot Chocolate and Cappuccino are compatible with all Keurig K cup brewers including the Keurig 2.0.""]",McAuley-Lab/Amazon-Reviews-2023,raw/meta_categories/meta_Grocery_and_Gourmet_Food.jsonl
B09XCRMYVV,,"Green Mountain Coffee Roasters 6520 Breakfast Blend Coffee K-Cups, 24/Box",Green Mountain Coffee Roasters,Grocery,4.7,11570,,"[""Grocery & Gourmet Food"", ""Beverages"", ""Coffee"", ""Single-Serve Capsules & Pods""]","[""Sold as 24/Box."", ""Rich, balanced and smooth."", ""Blend of Central American and Indonesian beans."", ""Guild of Fine Food Retailers: 2006 Bronze Medal Winner."", ""K-Cups for the Keurig system.""]","[""Always rich, balanced and smooth, never too weak, never too strong, gourmet Green Mountain Breakfast Blend will please anyone. In each cup, you'll find the perfect, wakeful harmony of crisp, citrusy Central American and sweet, full-bodied Indonesian beans. A harmony that, in 2006, brought home one of the first bronze medals that an American company has ever won from the London-based Guild of Fine Food Retailers. Brew a perfect cup of this award winning blend when you use K-Cups with the Keurig System. Beverage Type: Coffee; Flavor: Breakfast Blend; Packing Type: K-Cup; For Use With: Keurig Brewing System.""]",McAuley-Lab/Amazon-Reviews-2023,raw/meta_categories/meta_Grocery_and_Gourmet_Food.jsonl
B0B3Q3R5JX,,"Crazy Cups Flavored Coffee for Keurig K-Cup Machines, Peanut Butter & Jelly Sandwich, Hot or Iced Drinks, 22 Single Serve, Recyclable Pods",Crazy Cups,Grocery,4.3,12565,16.99,"[""Grocery & Gourmet Food"", ""Beverages"", ""Coffee"", ""Single-Serve Capsules & Pods""]","[""EXPERIENCE MORE FLAVOR WITH CRAZY CUPS: Your childhood favorite.  Just like mom used to make.  That’s right  IT’S PEANUT BUTTER JELLY TIME  PEANUT BUTTER JELLY TIME."", ""MORE COFFEE - Our coffee pods have 30% more coffee in every capsule than the average flavored kcup. Savor the rich decadent flavor of our Peanut Butter and Jelly Sandwich Coffee in each sip. Add variety and enjoy hot or as a refreshing ice-cold beverage."", ""TOP QUALITY INGREDIENTS: Each of our flavored coffee pods are gluten-free and lactose-free. In addition, each cup is vegan, kosher, and pareve, and has no added sugar. You can feel good, satisfying that sweet tooth with our Peanut Butter and Jelly Sandwich flavored coffee."", ""ECO-FRIENDLY: Crazy Cup Peanut Butter and Jelly Sandwich single-serve for Keurig Machines are packaged in recyclable capsules. Rest assured, you’ll enjoy your perfect cocoa coffee brew while simultaneously doing right by mother nature."", ""COMPATIBILITY AND VERSATILE: All Crazy Cups Artisan Roasted Single-Serve Coffees are compatible with the 1.0 and 2.0 Keurig K-Cup Brewer Machines. Quickly brew any of our flavored coffees like Chocolate Raspberry Truffle, Decaf Pumpkin Spice, or Death by Chocolate.. Promising unrivaled taste and flavor, our coffee pods brew with the Keurig K Cups Brewers. Keurig and K Cups are registered trademarks of Green Mountain and Keurig. Crazy Cups has no affiliation with Keurig.""]",[],McAuley-Lab/Amazon-Reviews-2023,raw/meta_categories/meta_Grocery_and_Gourmet_Food.jsonl
B0B6JHS7Q2,,Cadbury Dairy Milk Fruit & Nut Chocolate Bar Single 49g Bar (Pack of 48),Cadbury,Grocery,4.3,88,76.65,"[""Grocery & Gourmet Food"", ""Snacks & Sweets"", ""Chocolate Candy"", ""Candy & Chocolate Bars""]","[""Cadbury Dairy Milk Fruit & Nut Single Bar""]","[""Cadbury Dairy Milk Fruit & Nut Single Bar""]",McAuley-Lab/Amazon-Reviews-2023,raw/meta_categories/meta_Grocery_and_Gourmet_Food.jsonl
B0B6N5NN8K,,"Green Coffee Traders 1LB. Jamaica Blue Mountain Blend Roasted Coffee, 1 LB Bag",Green Coffee Traders,Grocery,4.3,1875,25.0,"[""Grocery & Gourmet Food"", ""Beverages"", ""Coffee"", ""Whole Coffee Beans"", ""Roasted Coffee Beans""]","[""Jamaica Blue Mountain - BLEND"", ""Blend"", ""Medium Roast"", ""1lb - Whole Beans"", ""100% Satisfaction Guaranteed"", ""Fresh Roasted""]","[""OUR COFFEE For our Jamaica Blue Mountain BLEND, Green Coffee Traders procures the finest new crop Jamaica Blue Mountain Coffee blended with the highest quality Arabica coffee beans available. Our Master roaster with 25 years of experience hand roasts the coffee beans in our factory with meticulous care and consistency. The coffee is packed in the industries finest packaging which includes market leading one way degassing valve. You will enjoy the quality of our coffee! Satisfaction is . The Blue Mountains of Jamaica provide ideal conditions for growing coffee. Small farms, set in the sheltered locations below the majestic rain forest, produce the world's finest coffee beans, handpicked with meticulous care. OUR STORY Founded 1993 we specialize in sourcing the finest green coffee from around the world and bringing it to our customers in North America. We only source and stock the finest coffees in the world! Strictly specialty Arabica, Organic and Fair Trade Organic green coffees. Our coffee is warehoused in the United States & Canada where we serve some of the finest boutique roasters across North America with the finest rare coffee offerings.""]",McAuley-Lab/Amazon-Reviews-2023,raw/meta_categories/meta_Grocery_and_Gourmet_Food.jsonl
B0B952ZY1T,,Maxwell House House Blend Medium Roast K-Cup Coffee Pods (12 Pods),MAXWELL HOUSE,Grocery,4.7,31776,,"[""Grocery & Gourmet Food"", ""Beverages"", ""Coffee"", ""Single-Serve Capsules & Pods""]","[""MAXWELL HOUSE COFFEE PODS: 12 Maxwell House House Blend Medium Roast K-Cup Coffee Pods"", ""MEDIUM ROAST COFFEE: Maxwell House Medium Roast House Blend Coffee K-Cups are the perfect balance of strength and flavor"", ""BREW FOR YOU: Enjoy a well balanced, lively medium roast coffee with a smooth taste that's good to the last drop"", ""100% ARABICA BEANS: Made with 100% Arabica coffee"", ""SINGLE SERVING: Packaged in individual K-Cups for single-serve use every morning"", ""COMPATIBILITY: Perfect for use in Keurig 1.0 & 2.0 brewing systems"", ""OUR STORY: Maxwell House coffee has been proudly roasted in the USA since 1892"", ""KOSHER: Certified Kosher coffee"", ""STORAGE: Store our box of coffee pods in a dry place""]","[""Maxwell House Medium Roast House Blend Coffee K-Cup Coffee Pods have a consistently great taste that’s always good to the last drop. Our house blend medium roast coffee is delightful and lively from our house to yours. It has the perfect balance of strength and flavor. Made with 100% Arabica coffee, our house blend medium roast coffee is great served black, with cream and sugar, or by adding your favorite Maxwell House International Café flavored creamer. Brew up a single cup of our balanced K Cup coffee in any Keurig® brewing system anytime you want. Maxwell House Medium Roast Coffee is packaged in individual K Cups for easy single-serve use every morning. Each box contains 12 Maxwell House K Cups. Store this box of certified Kosher coffee pods in a dry place. Maxwell House's signature taste is for 125 years. Good to the last drop. Keurig, K-Cup, K Cup, and the K logo are trademarks of Keurig Green Mountain, Inc., used with permission.""]",McAuley-Lab/Amazon-Reviews-2023,raw/meta_categories/meta_Grocery_and_Gourmet_Food.jsonl
B0B9QRHVKV,,"Crave Beverages Flavored Coffee Pods Compatible with 2 K-Cup Brewers, French Vanilla, 40 Count",Crave Beverages,Grocery,4.4,46758,15.9,"[""Grocery & Gourmet Food"", ""Beverages"", ""Coffee"", ""Single-Serve Capsules & Pods""]","[""What do you crave? Is is Butter Toffee? Vermont Maple? Blueberry Vanilla? We have it!"", ""The subtle pure taste of French vanilla is perfectly balanced with savory roast to deliver an exceptional way add a little sweetness to your morning."", ""We have it! Enjoy guilt free decadent flavored coffees- No sweeteners & No calories. 100% fresh roasted Arabica coffee is paired with your favorite flavors for the tantalizing coffee experience you Crave!"", ""Crave Coffee is Kosher certified and compatible with Keurig K-Cup Brewers, including 2.0. ***NOTE: INSERT COFFEE POD IN BREWER AND CLOSE FIRMLY TO AVOID BREWING ERROR!"", ""Crave Coffee is not affiliated, endorsed, or related with Keurig Dr Pepper Inc.""]","[""The subtle pure taste of French vanilla is perfectly balanced with savory roast to deliver an exceptional way add a little sweetness to your morning.""]",McAuley-Lab/Amazon-Reviews-2023,raw/meta_categories/meta_Grocery_and_Gourmet_Food.jsonl
B0BC3NB2VR,,"Victor Allen's Coffee Variety Pack, Light-Dark Roasts, 96 Count, Single Serve Coffee Pods for Keurig K-Cup Brewers",Victor Allen,Grocery,4.5,46221,45.99,"[""Grocery & Gourmet Food"", ""Beverages"", ""Coffee"", ""Single-Serve Capsules & Pods""]","[""COUNT: Includes 96 Single Serve Coffee Pods for Keurig K-Cup Brewers"", ""ROAST: Take your pick; A mix of roasts from light to dark."", ""FLAVOR PROFILE: Morning Blend: Mild and satisfying with a subtle kick, striking a perfect balance between the quiet you want and the jolt you know you need to get moving in the morning; Donut Shop Blend: this classic brew is sweet and smooth, striking the perfect balance between mellow and bold, to deliver just enough bite to brighten your day; 100% Colombian: Lively and bright, starting rich and warmly aromatic—but landing softly with its mild acidity; French Roast: A velvety body with a soft, smoky flavor; intensely rich but always smooth"", ""100% Gluten Free & Non-GMO: Our coffee products do not contain gluten or genetically modified ingredients"", ""BRAND STORY: Since 1979 Victor Allen has been proud to bring you high-quality, roaster-fresh perfection. We source 100% Arabica beans from all over the world and use precision roasting techniques to guarantee the very best coffee"", ""INGREDIENTS: 100% Arabica coffee"", ""CAFFEINE CONTENT: Victor Allen's coffees range from 90-150 mgs per serving"", ""SELECTION: Victor Allen's offers a wide selection of beverage choices from light, medium and dark roasts to everyday and seasonal flavors, in bagged, single serve and ready to drink formats."", ""HOW TO BREW RECOMMENDATIONS: STEP ONE: load your single serve cup into your brewer. STEP TWO: select the 8-floz setting on your brewer for the best taste. STEP THREE: to prevent dripping upon completion of brewing carefully tilt the single serve cup upon removal from your brewer. STEP FOUR: Enjoy your precision roasted Victor Allen's Coffee."", ""COMPATIBILITY: For use in all single serve brewing systems, including Keurig 2.0. Single Serve coffee pods for Keurig K-Cup Brewers. Keurig is a registered trademark of KEURIG GREEN MOUNTAIN, INC. K-Cups is a registered trademark of KEURIG GREEN MOUNTAIN, INC.""]","[""Victor Allen's Coffee's Variety Pack includes a mix of our most popular blends! A unique combination of our favorite light, medium and dark roasts, there is sure to be a favorite for everyone! Morning Blend (a light body brew known for its even-keeled flavor profile and smooth finish). 100% Colombian (coffee beans exclusively from the top coffee farms in South America). Donut Shop Blend (a no frills, medium roast brew for the coffee purist). French Roast (velvety body with a soft, smoky flavor; intensely rich but always smooth).""]",McAuley-Lab/Amazon-Reviews-2023,raw/meta_categories/meta_Grocery_and_Gourmet_Food.jsonl
B0BL9KF4SK,,"Nestle Coffee mate Coffee Creamer, Peppermint Mocha, Liquid Creamer Singles, Non Dairy, No Refrigeration, Box of 50 Singles (Pack of 4)",Nestle Coffee mate,Grocery,4.6,108896,,"[""Grocery & Gourmet Food"", ""Dairy, Eggs & Plant-Based Alternatives"", ""Milk & Cream"", ""Coffee Creamers""]","[""Flavored Coffee Creamer: Nestle Coffee mate Peppermint Mocha flavor coffee creamers add a creamy chocolate flavor with a hint of peppermint to your cup of coffee"", ""Perfect for Here or On-the-Go: Stir our liquid creamer into a cup of coffee for a delicious flavor that's lactose and cholesterol-free; blends quickly and completely with hot and cold beverages"", ""Delicious Flavor You Can Rely On: Shelf stable, no refrigeration needed, retain their delicious flavor at room temperature for up to 9 months; ship and store between 50°F and 80°F"", ""Solutions for Every Need: Coffee mate offers liquid creamer singles, powdered creamers, liquid pump bottles, bulk creamers, and more to keep your office coffee bar and food stations stocked"", ""Dietary Benefits: Non-Dairy + Lactose-Free + Cholesterol-Free + Gluten-Free + Kosher Dairy""]","[""Nestle Coffee mate Peppermint Mocha flavored liquid creamer singles are our signature winter seasonal flavor. Within each cup is a swirl of creamy chocolate with a kiss of peppermint that will enhance and enrich your coffee offer with a touch of differentiation. They are packaged in a convenient dispenser box, which keeps the counter clean, organized and displayed beautifully. These creamer singles don’t need to be refrigerated, and can retain their irresistible flavor at room temperature for up to 9 months. Easy to use - shake, open and pour. Non-Dairy + Lactose-Free + Cholesterol-Free + Gluten-Free + Kosher Dairy. Coffee mate is America's #1 coffee creamer. With a variety of flavors and formats, Coffee mate has your coffee creamer needs covered. Delight your employees, customers and guests by offering Coffee mate liquid creamer in your workplace, break room or kitchen. Covered by the Nestlé Professional 60-Day Satisfaction Guarantee for Select Products. See below for details.""]",McAuley-Lab/Amazon-Reviews-2023,raw/meta_categories/meta_Grocery_and_Gourmet_Food.jsonl
B0BSG5FK4G,,"The Republic of Tea Republic Chai Black Tea, Tin of 50 Tea Bags",The Republic of Tea,Grocery,4.5,452,11.99,"[""Grocery & Gourmet Food"", ""Beverages"", ""Tea"", ""Black""]","[""CHAI BLACK TEA: Spiced tea has northern Indian leaves for a hearty taste and can be prepared with water, milk and honey"", ""PREMIUM INGREDIENTS: The Republic of Tea teas are made using all-natural flavors without any chemical additives or preservatives"", ""HEALTH BENEFITS: Black tea contains antioxidants that can aid in the relief of stress*"", ""COFFEE ALTERNATIVE: Black tea has less than half the caffeine of coffee and can be enjoyed hot or served over ice"", ""VERIFIED NON-GMO: Tea bags are Non-GMO Project Verified, gluten free, sugar free and carb free""]",[],McAuley-Lab/Amazon-Reviews-2023,raw/meta_categories/meta_Grocery_and_Gourmet_Food.jsonl
B0BVM8531V,,"Puroast Low Acid Coffee Single-Serve Pods, Bold Organic French Roast, High Antioxidant, Compatible with Keurig 2.0 Coffee Makers, 12 Count (Pack of 6)",Puroast Coffee,Grocery,4.1,4880,,"[""Grocery & Gourmet Food"", ""Beverages"", ""Coffee"", ""Single-Serve Capsules & Pods""]","[""70% LESS ACID: Puroast low acid coffee is perfect for every coffee lover, especially those with heartburn, acid reflux and other gastrointestinal issues. However you prefer your coffee, Puroast offers a wide variety of single serve, whole bean and ground coffee selection"", ""7X HIGHER ANTIOXIDANTS: It turns out there is a connection between antioxidant levels and how coffee is heated during roasting. Published research from UC Davis shows that Puroast coffee has 7X the antioxidants of green tea and 5X the antioxidants of leading coffee brands."", ""PURE TO THE POUR: From our humble origins in the foothills of the Andes Mountains, Puroast's secret to crafting smooth, rich coffee is rooted in roasting the way that coffee growers do. We roast for quality, not volume, and never use any additives or extractions."", ""FEEL BETTER, NEVER BITTER: Take on the daily grind with a smooth, aromatic cup of coffee that tastes great and makes you feel good! Our unique roasting method creates a low-acid blend that won't bother your stomach and has no bitter aftertaste."", ""QUALITY IN EVERY CUP: Not all coffee is created equal. Our high elevation grown coffee beans are sustainably sourced, kosher and chemical/pesticide free, so you can feel great about what you're drinking while gaining relief from coffee-related digestive issues. Puroast utilizes a renewable, clean technology to fire our roasters."", ""WARNING - California Proposition 65 : This product can expose you to chemicals including arsenic, which is known to the State of California to cause cancer.""]","[""Enjoy the great smooth taste of the Puroast Coffee's French Roast Coffee. The bold, strong taste is complimented with a smooth finish. Puroast Coffee's french roast combines a full bodied, strong coffee with no bitter aftertaste. If you like coffee, want a great tasting coffee, that will make \""feel better, not bitter\"" - Drink Puroast Coffee. Wellness in Every Cup! The coffee beans you have at home start out as a pea-green seed from a cherry-like fruit. In fact, if you chewed a green coffee bean, it’d taste pretty much like chewing a dried pea. But, everything changes after you roast this green coffee seed (and separates it from peas!). Magic From Heating Roasting is really the heating of this seed until it looks like you’re used to seeing in the store or at a coffee shop On the outside roasted beans are either darker, lighter, shinier or duller comparing one to another. But, it’s what’s inside that makes coffee such an attraction to us mortals – aroma, taste and the chemistry inside, including caffeine. And it’s these “insides” of Puroast Coffee that set it apart from every other coffee you can buy. Roasting at Puroast It turns out there is a connection between how coffee tastes, how bitter or smooth it is, how much acid it has and it’s antioxidant content, and how the coffee is heated during roasting. Puroast roasts just like they do on the hacienda, unlike any other coffee in the country. That’s why Puroast tastes and makes you feel so good. It’s that simple!""]",McAuley-Lab/Amazon-Reviews-2023,raw/meta_categories/meta_Grocery_and_Gourmet_Food.jsonl
B0C3KRT7XR,,Starbucks Medium Roast Ground Coffee — Breakfast Blend — 100% Arabica — 6 bags (12 oz. each),Starbucks,Grocery,4.7,24370,56.58,"[""Grocery & Gourmet Food"", ""Beverages"", ""Coffee"", ""Whole Coffee Beans"", ""Roasted Coffee Beans""]","[""PREMIUM GROUND COFFEE—Starbucks delivers exceptional coffee cup after cup with this 12-ounce bag of Breakfast Blend medium roast ground coffee—6 bags total"", ""STARBUCKS BREAKFAST BLEND COFFEE—Notes of brown sugar and sweet orange mingle in our lightest medium roast coffee"", ""FRESH TASTE—Starbucks adheres to the highest quality standards—shipping you the same carefully roasted 100% arabica coffee beans we brew in our cafés"", ""MAKE IT YOUR OWN—An everyday cup no matter how you brew it, Starbucks coffee is carefully ground to be ideal for a variety of brewing methods, including drip brewer, coffee press, pour-over and moka pot"", ""ETHICALLY SOURCED—Starbucks is committed to 100% ethical coffee sourcing in partnership with Conservation International""]","[""We introduced this blend in 1998 for those who prefer a milder cup. A shade lighter than most of our offerings—more toasty than roasty—it was the result of playing with roast and taste profile together for a flavor that appealed to a wider range of palates. Perfect if you want to wake up to a less intense coffee but still want a lot of character, it's light and lively with a soft sweetness. Nestlé uses Starbucks trademarks under license""]",McAuley-Lab/Amazon-Reviews-2023,raw/meta_categories/meta_Grocery_and_Gourmet_Food.jsonl
B0C4FL7Y21,,"Starbucks Coffee K-Cup Pods with Caffeine Naturally Found in Coffee Extracts, 10 CT K-Cup Pods Per Box (Medium Roast) (Pack of 2)",Starbucks,Grocery,4.7,1039,,"[""Grocery & Gourmet Food"", ""Beverages"", ""Coffee"", ""Single-Serve Capsules & Pods""]",[],[],McAuley-Lab/Amazon-Reviews-2023,raw/meta_categories/meta_Grocery_and_Gourmet_Food.jsonl
B0C4G85DS8,,"Puroast Low Acid Coffee Ground, Hazelnut, Medium Roast, Certified Low Acid Coffee, pH 5.5+, Gut Health, 2.2 LB, Higher Antioxidant, Smooth for Espresso, Iced Coffee",Puroast Coffee,Grocery,4.2,8206,28.35,"[""Grocery & Gourmet Food"", ""Beverages"", ""Coffee"", ""Whole Coffee Beans"", ""Roasted Coffee Beans""]","[""70% LESS ACID: Puroast low acid coffee is perfect for every coffee lover, especially those with heartburn, acid reflux and other gastrointestinal issues. However you prefer your coffee, Puroast offers a wide variety of single serve, whole bean and ground coffee selection"", ""7X HIGHER ANTIOXIDANTS: It turns out there is a connection between antioxidant levels and how coffee is heated during roasting. Published research from UC Davis shows that Puroast coffee has 7X the antioxidants of green tea and 5X the antioxidants of leading coffee brands"", ""PURE TO THE POUR: From our humble origins in the foothills of the Andes Mountains, Puroast's secret to crafting smooth, rich coffee is rooted in roasting the way that coffee growers do. We roast for quality, not volume, and never use any additives or extractions"", ""FEEL BETTER, NEVER BITTER: Take on the daily grind with a smooth, aromatic cup of coffee that tastes great and makes you feel good! Our unique roasting method creates a low-acid blend that won't bother your stomach and has no bitter aftertaste. We also use renewable, clean technology to fire our roasters"", ""QUALITY IN EVERY CUP: Not all coffee is created equal. Our high elevation grown coffee beans are sustainably sourced, kosher and chemical/pesticide free, so you can feel great about what you're drinking while gaining relief from coffee-related digestive issues""]","[""The Puroast story begins while I’m sitting on a Venezuelan coffee farm one morning and I’m served a cup of coffee by my host. The same fellow who grew, roasted and brewed the beans. The taste was unlike any coffee I had ever had. Savory, rich and very smooth. No bitterness. I assumed this great taste was because I was on a coffee farm, like drinking wine in a vineyard. It turns out the secret to this flavor was how heat was used in roasting. I knew then that I wanted to learn how to create a coffee that is pure to the art of roasting. Puroast Coffee. After a long journey, we found the right flavor and Puroast Coffee was born. So my brother and I start selling Puroast in local stores in California, people loved the taste and then we find out there’s a lot more to the story. Mixed in with the compliments about taste, we received comments telling us Puroast Coffee didn’t upset customers’ stomachs or aggravate their heartburn. There were so many of these comments that we decided to find out if there was something different about Puroast which would be a significant benefit. We discovered there was a big difference in Puroast. Not only does our roasting recipe make for a smoother taste, it also greatly reduces the acid in the coffee by more than 70% compared to leading brands. 70% less acid than other coffees! This isn’t just me saying this, it’s Dr. Shibamoto and scientific research team from the University of California/Davis. Dr. Shibamoto found that in reducing acid levels, our roasting process dramatically increased the amount of antioxidants. And by dramatic I mean by 5 times more than other leading coffees and 7 times more than green tea. 7 times more antioxidants than green tea! You will discover what I did on that Venezuelan coffee farm, along with Puroast Coffee’s exquisite flavor, the benefits of lower acid and rich levels of antioxidants will bring you enjoyment like no other coffee you’ve ever had.""]",McAuley-Lab/Amazon-Reviews-2023,raw/meta_categories/meta_Grocery_and_Gourmet_Food.jsonl
B0C5HT6P91,,"Green Mountain Coffee Vermont Country Blend Decaf, K-Cup Portion Pack for Keurig Brewers 24-Count",Green Mountain Coffee Roasters,Grocery,4.7,1669,17.99,"[""Grocery & Gourmet Food"", ""Beverages"", ""Coffee"", ""Single-Serve Capsules & Pods""]","[""Sweet, rich, and aromatic, with a pleasant lingering finish"", ""Medium Roast"", ""Decaffeinated"", ""Fair Trade Certified"", ""Orthodox Union Kosher""]","[""An engaging blend that reveals itself in layers. A darker-roasted base offers mellow, toasty flavors and a velvety mouthfeel, while lighter-roasted, select American beans provide clarity, and a winning finish. The result is a blend that is at once brisk and bright, yet undeniably smooth.""]",McAuley-Lab/Amazon-Reviews-2023,raw/meta_categories/meta_Grocery_and_Gourmet_Food.jsonl
B0C7KY9QB4,,"Kicking Horse Coffee, 454 Horse Power, Dark Roast, Ground, 10 oz - Certified Organic, Fairtrade, Kosher Coffee",Kicking Horse Coffee,Grocery,4.5,9682,11.99,"[""Grocery & Gourmet Food"", ""Beverages"", ""Coffee"", ""Ground Coffee""]","[""DARK ROAST, GROUND: Velvety, earthy, spirited. This smooth riding dark horse conjures up power from the depths of the shadows. This is the winner, the champion of taste"", ""TASTING NOTES, BREW METHOD: Heavy body, sweet tobacco, earthy with a black licorice finish. Recommended methods: drip machine, pour over and cold brew"", ""ORIGIN INDONESIA, CENTRAL & SOUTH AMERICA: Grown in a socially and environmentally responsible way, by farmers with sustainable businesses they can depend on"", ""ORGANIC, FAIRTRADE, KOSHER, SHADE GROWN, ARABICA COFFEE: Coffee that is good and fair for the coffee drinkers, the farmers and the planet. 100 percent Certified"", ""ROASTED IN THE ROCKY MOUNTAINS: It’s all deep, dark and delicious, roasted right below the towering Canadian Rocky Mountain peaks""]","[""Velvety, earthy, spirited. This smooth riding dark horse conjures up power from the depths of the shadows. This is the winner, the champion of taste. Hop on, hold on, and head for the hills.   Available in:                                                                                                     Ground, 10 oz Whole Bean, 10 oz                                                                     Whole Bean, 2.2 lb.""]",McAuley-Lab/Amazon-Reviews-2023,raw/meta_categories/meta_Grocery_and_Gourmet_Food.jsonl
B0CBK15GCZ,,"TASSIMO Costa Cappuccino 16 discs, 8 servings (Pack of 5, Total 80 discs, 40 servings)",Tassimo,Grocery,4.6,4794,56.53,"[""Grocery & Gourmet Food"", ""Beverages"", ""Coffee"", ""Single-Serve Capsules & Pods""]","[""Enjoy the perfect coffee moment with Costa Cappuccino discos/pods from your Tassimo machine""]","[""A specially crafted blend of coffee beans roasted to perfection to create the same authentic taste of a Costa espresso based Cappuccino, topped with velvety frothy milk. Insert a Tassimo T DISC pod into the machine & enjoy. Try Costa Cappuccino now!""]",McAuley-Lab/Amazon-Reviews-2023,raw/meta_categories/meta_Grocery_and_Gourmet_Food.jsonl
B0CCYNZ6FV,,"KOS Organic Cinnamon Bark, Coffee Creamer - Freshly Ground, Cinnamon Bark Powder - USDA Organic, Gluten Free, Plant Based Ingredient, 388.5g, 111 Servings",KOS,Grocery,4.2,3734,,"[""Grocery & Gourmet Food"", ""Dairy, Eggs & Plant-Based Alternatives"", ""Plant-Based Coffee Creamers""]",[],[],McAuley-Lab/Amazon-Reviews-2023,raw/meta_categories/meta_Grocery_and_Gourmet_Food.jsonl
B0CDLRTR5L,,"Nespresso Capsules OriginalLine, India Master Origin, Dark Roast Coffee, 50 Count Coffee Pods, Brews 1.35oz",Nespresso,Grocery,4.7,724,42.5,"[""Grocery & Gourmet Food"", ""Beverages"", ""Coffee"", ""Single-Serve Capsules & Pods""]","[""WOODY & SPICY: This Nespresso coffee gets its intense, woody, spicy aromatics from the monsooned Robusta blended into Indian Arabica"", ""INTENSITY 11: This Nespresso coffee blend is split roasted with a medium and a slightly shorter roast, keeping the distinct Arabica and Robusta characteristics alive for a powerful cup of coffee all in easy to use Nespresso Capsules"", ""INDIA MASTER ORIGIN COFFEE BREWS 1.35 OZ: These Nespresso OriginalLine pods are part of the Master Origin range that will provide you with a 1.35 oz serving of a traditional espresso coffee beverage"", ""WE RECYCLE: Nespresso aluminum capsules are fully recyclable and guarantee coffee freshness - we provide different options for recycling your used aluminum coffee pods to fulfill our collective commitment to protecting the environment"", ""ORIGINALLINE ONLY: Nespresso Original Line offers a full range of espresso coffee. From a milder fruity espresso to the short Ristretto. Create recipes with /without milk. (Nespresso OriginalLine capsules are not compatible with VertuoLine machines)""]","[""This coffee with Robusta Monsoon gets its intense, woody, spicy aromatics from the monsooned Robusta blended into Indian Arabica. Monsooning coffees is unique to India’s southwest coast. Months of monsoonal winds repeatedly swell and dry the beans.""]",McAuley-Lab/Amazon-Reviews-2023,raw/meta_categories/meta_Grocery_and_Gourmet_Food.jsonl
